{
    "Chennai": {
        "temperature_mean": 26.531299628463447,
        "temperature_max": 31.33931941612094,
        "wind_speed_mean": 10.039467895732207,
        "wind_speed_max": 14.668326172174192,
        "relative_humidity_mean": 77.10283526252297,
        "relative_humidity_max": 95.94522408878102,
        "dew_point_max": 26.131970648672066
    },
    "Coimbatore": {
        "temperature_mean": 27.148929408952302,
        "temperature_max": 33.857138315836586,
        "wind_speed_mean": 5.437137748680863,
        "wind_speed_max": 9.2516427601085,
        "relative_humidity_mean": 54.56315261242437,
        "relative_humidity_max": 85.32616693833295,
        "dew_point_max": 24.441383848003312
    },
    "Madurai": {
        "temperature_mean": 28.486282273834828,
        "temperature_max": 34.89216542711445,
        "wind_speed_mean": 4.963228323880364,
        "wind_speed_max": 9.592497002844716,
        "relative_humidity_mean": 61.09206158507104,
        "relative_humidity_max": 88.20444204293045,
        "dew_point_max": 26.470396602855008
    },
    "Tiruchirappalli": {
        "temperature_mean": 28.436452155019722,
        "temperature_max": 35.03667865079992,
        "wind_speed_mean": 6.92284735511331,
        "wind_speed_max": 11.9264939252068,
        "relative_humidity_mean": 61.19520172418333,
        "relative_humidity_max": 89.72987006692325,
        "dew_point_max": 26.76902370826871
    },
    "Salem": {
        "temperature_mean": 27.505213105211071,
        "temperature_max": 32.5852576435781,
        "wind_speed_mean": 10.152724443697462,
        "wind_speed_max": 16.48204204147937,
        "relative_humidity_mean": 84.0174419926662,
        "relative_humidity_max": 91.59358155493642,
        "dew_point_max": 28.662891594802632
    },
    "Tirunelveli": {
        "temperature_mean": 28.463145237342985,
        "temperature_max": 35.136062098484416,
        "wind_speed_mean": 6.297857569713218,
        "wind_speed_max": 11.271395879633287,
        "relative_humidity_mean": 62.686979106828275,
        "relative_humidity_max": 90.75774174110562,
        "dew_point_max": 27.067170498417873
    },
    "Erode": {
        "temperature_mean": 29.271865283741672,
        "temperature_max": 35.58560603272681,
        "wind_speed_mean": 5.926925196367152,
        "wind_speed_max": 10.559254842645982,
        "relative_humidity_mean": 51.26609428256166,
        "relative_humidity_max": 79.92019114774816,
        "dew_point_max": 25.151855094760073
    },
    "Vellore": {
        "temperature_mean": 24.505704505770815,
        "temperature_max": 30.997186324175665,
        "wind_speed_mean": 4.913875944474164,
        "wind_speed_max": 8.755372533611222,
        "relative_humidity_mean": 68.74819265627393,
        "relative_humidity_max": 96.39174637140012,
        "dew_point_max": 23.93175506591797
    },
    "Thoothukudi": {
        "temperature_mean": 28.948962492101334,
        "temperature_max": 32.50903122097838,
        "wind_speed_mean": 12.655806887383555,
        "wind_speed_max": 16.560790725782805,
        "relative_humidity_mean": 66.33286225562001,
        "relative_humidity_max": 85.23996764538335,
        "dew_point_max": 26.11784594666724
    },
    "Kanniyakumari": {
        "temperature_mean": 28.040737189498603,
        "temperature_max": 31.85371462504069,
        "wind_speed_mean": 11.213357888016047,
        "wind_speed_max": 15.472058773040771,
        "relative_humidity_mean": 67.50997431137982,
        "relative_humidity_max": 84.56413373760148,
        "dew_point_max": 25.379263185987284
    },
    "Thanjavur": {
        "temperature_mean": 27.938301946602614,
        "temperature_max": 34.202883739097445,
        "wind_speed_mean": 7.108088128706989,
        "wind_speed_max": 11.73110179340138,
        "relative_humidity_mean": 66.00885338876762,
        "relative_humidity_max": 92.15540328680301,
        "dew_point_max": 26.82341874814501
    },
    "Namakkal": {
        "temperature_mean": 28.741467307595645,
        "temperature_max": 35.17749558243097,
        "wind_speed_mean": 4.961621948316986,
        "wind_speed_max": 9.065717809340534,
        "relative_humidity_mean": 55.80313716215246,
        "relative_humidity_max": 84.60077996347465,
        "dew_point_max": 25.80091480180329
    },
    "Chengalpattu": {
        "temperature_mean": 26.416607912848978,
        "temperature_max": 31.16739460066253,
        "wind_speed_mean": 8.092448552449545,
        "wind_speed_max": 13.377733043595857,
        "relative_humidity_mean": 78.11739947749119,
        "relative_humidity_max": 96.22919030283012,
        "dew_point_max": 26.068626029818667
    },
    "Nagapattinam": {
        "temperature_mean": 27.494325376024435,
        "temperature_max": 29.833945592244465,
        "wind_speed_mean": 11.261736645418054,
        "wind_speed_max": 15.155025893566656,
        "relative_humidity_mean": 72.1183344523112,
        "relative_humidity_max": 83.80436661664177,
        "dew_point_max": 24.429899627087163
    },
    "Dindigul": {
        "temperature_mean": 27.083126180312213,
        "temperature_max": 33.15699573591644,
        "wind_speed_mean": 4.463864948235306,
        "wind_speed_max": 8.061525452370738,
        "relative_humidity_mean": 64.77038170309628,
        "relative_humidity_max": 91.5086067050111,
        "dew_point_max": 25.695661956188726
    },
    "Ramanathapuram": {
        "temperature_mean": 28.395071927238913,
        "temperature_max": 34.73559918123133,
        "wind_speed_mean": 7.579594144634172,
        "wind_speed_max": 12.299787109973384,
        "relative_humidity_mean": 67.12060576794194,
        "relative_humidity_max": 92.21686643712661,
        "dew_point_max": 27.36664270887188
    },
    "Krishnagiri": {
        "temperature_mean": 26.143549152449065,
        "temperature_max": 33.13869079889036,
        "wind_speed_mean": 5.81038994882621,
        "wind_speed_max": 10.623777885063022,
        "relative_humidity_mean": 59.7552090065152,
        "relative_humidity_max": 91.14388933368758,
        "dew_point_max": 24.54332067452225
    },
    "Cuddalore": {
        "temperature_mean": 27.183292949900906,
        "temperature_max": 30.28890516243729,
        "wind_speed_mean": 11.071920189203,
        "wind_speed_max": 15.442578652325798,
        "relative_humidity_mean": 72.95787781360103,
        "relative_humidity_max": 87.7773391125249,
        "dew_point_max": 24.83555232777315
    },
    "Villupuram": {
        "temperature_mean": 27.18256041582893,
        "temperature_max": 33.28459275937548,
        "wind_speed_mean": 7.7880831045262955,
        "wind_speed_max": 12.62681432798797,
        "relative_humidity_mean": 70.3155471203374,
        "relative_humidity_max": 93.28621568866805,
        "dew_point_max": 26.28526055579092
    },
    "Tiruvannamalai": {
        "temperature_mean": 26.64745428047928,
        "temperature_max": 33.512539508295994,
        "wind_speed_mean": 5.919621444215961,
        "wind_speed_max": 10.981617834053788,
        "relative_humidity_mean": 66.94897849887025,
        "relative_humidity_max": 94.81145926082836,
        "dew_point_max": 25.9957841611376
    },
    "Tirupathur": {
        "temperature_mean": 26.480712292241115,
        "temperature_max": 33.59160026849485,
        "wind_speed_mean": 5.4985806708242375,
        "wind_speed_max": 10.092629675771676,
        "relative_humidity_mean": 60.47413971844841,
        "relative_humidity_max": 91.76367217419194,
        "dew_point_max": 25.104474198584462
    },
    "Sivaganga": {
        "temperature_mean": 28.02714568493413,
        "temperature_max": 34.472196167590575,
        "wind_speed_mean": 7.47858860913445,
        "wind_speed_max": 12.506105348175646,
        "relative_humidity_mean": 66.59409631467334,
        "relative_humidity_max": 92.34605617149204,
        "dew_point_max": 27.032150754741593
    },