{
    "Arakkonam": {
        "aqi": 3.7058823529411766,
        "co": 561.4150980392158,
        "no": 0.17803921568627445,
        "no2": 11.979019607843133,
        "o3": 24.941568627450977,
        "so2": 2.6566666666666663,
        "pm2_5": 57.146078431372565,
        "pm10": 70.14392156862745,
        "nh3": 4.501372549019608
    },
    "Ariyalur": {
        "aqi": 3.607843137254902,
        "co": 492.69352941176453,
        "no": 0.055882352941176466,
        "no2": 10.881960784313726,
        "o3": 24.96882352941177,
        "so2": 4.5041176470588224,
        "pm2_5": 50.26666666666667,
        "pm10": 61.24862745098038,
        "nh3": 2.6076470588235297
    },
    "Attur": {
        "aqi": 3.5294117647058822,
        "co": 450.80725490196085,
        "no": 0.28274509803921566,
        "no2": 10.935098039215685,
        "o3": 22.565294117647053,
        "so2": 6.0994117647058825,
        "pm2_5": 50.84745098039215,
        "pm10": 63.49470588235293,
        "nh3": 8.985294117647058
    },
    "Bhavani": {
        "aqi": 3.0392156862745097,
        "co": 440.7937254901962,
        "no": 0.002156862745098039,
        "no2": 5.690392156862745,
        "o3": 36.19470588235295,
        "so2": 5.585098039215687,
        "pm2_5": 37.90941176470589,
        "pm10": 48.665098039215685,
        "nh3": 5.105686274509805
    },
    "Chengalpattu": {
        "aqi": 3.6470588235294117,
        "co": 551.4013725490196,
        "no": 0.05784313725490195,
        "no2": 10.971960784313726,
        "o3": 35.229215686274514,
        "so2": 1.7713725490196077,
        "pm2_5": 56.709803921568614,
        "pm10": 67.5192156862745,
        "nh3": 3.5131372549019613
    },
    "Chennai": {
        "aqi": 4.254901960784314,
        "co": 984.8654901960786,
        "no": 3.6462745098039213,
        "no2": 24.84725490196078,
        "o3": 31.079411764705878,
        "so2": 17.107843137254896,
        "pm2_5": 80.11215686274508,
        "pm10": 95.61156862745099,
        "nh3": 6.826274509803919
    },
    "Coimbatore": {
        "aqi": 3.0,
        "co": 496.6209803921569,
        "no": 0.03450980392156863,
        "no2": 11.168431372549021,
        "o3": 36.55137254901962,
        "so2": 6.9139215686274476,
        "pm2_5": 37.872549019607845,
        "pm10": 52.06450980392157,
        "nh3": 6.918823529411764
    },
    "Cuddalore": {
        "aqi": 3.2549019607843137,
        "co": 450.4803921568628,
        "no": 0.021176470588235297,
        "no2": 6.107450980392159,
        "o3": 50.62549019607843,
        "so2": 2.1347058823529417,
        "pm2_5": 45.74058823529413,
        "pm10": 58.188235294117646,
        "nh3": 5.330392156862745
    },
    "Dharmapuri": {
        "aqi": 3.3529411764705883,
        "co": 444.52431372549006,
        "no": 0.04333333333333332,
        "no2": 9.951960784313725,
        "o3": 32.65666666666666,
        "so2": 5.105686274509804,
        "pm2_5": 50.29666666666668,
        "pm10": 64.42999999999998,
        "nh3": 7.303725490196079
    },
    "Dindigul": {
        "aqi": 3.0980392156862746,
        "co": 477.24784313725496,
        "no": 0.015490196078431374,
        "no2": 9.196470588235293,
        "o3": 29.83058823529412,
        "so2": 2.958823529411765,
        "pm2_5": 38.78333333333334,
        "pm10": 49.83921568627451,
        "nh3": 7.698235294117644
    },
    "Erode": {
        "aqi": 3.176470588235294,
        "co": 488.04725490196086,
        "no": 0.06352941176470588,
        "no2": 13.379803921568625,
        "o3": 31.861176470588237,
        "so2": 7.206666666666666,
        "pm2_5": 43.428627450980386,
        "pm10": 57.78725490196078,
        "nh3": 13.745490196078434
    },
    "Gobichettipalayam": {
        "aqi": 3.0,
        "co": 461.67137254901957,
        "no": 0.005686274509803922,
        "no2": 9.012745098039217,
        "o3": 34.98392156862745,
        "so2": 3.7972549019607857,
        "pm2_5": 38.76745098039217,
        "pm10": 51.48333333333334,
        "nh3": 6.726470588235294
    },
    "Gudiyatham": {
        "aqi": 3.5098039215686274,
        "co": 502.1192156862747,
        "no": 0.008039215686274512,
        "no2": 8.514901960784314,
        "o3": 33.94843137254902,
        "so2": 3.2252941176470578,
        "pm2_5": 51.088627450980404,
        "pm10": 62.97490196078431,
        "nh3": 5.570196078431374
    },
    "Kallakurichi": {
        "aqi": 3.6862745098039214,
        "co": 534.0576470588235,
        "no": 0.38686274509803914,
        "no2": 14.82607843137255,
        "o3": 21.490392156862743,
        "so2": 5.089019607843138,
        "pm2_5": 55.31960784313725,
        "pm10": 69.52627450980391,
        "nh3": 10.236862745098037
    },
    "Kanniyakumari": {
        "aqi": 2.7254901960784315,
        "co": 381.2364705882353,
        "no": 0.0,
        "no2": 3.892549019607843,
        "o3": 67.35980392156864,
        "so2": 4.33392156862745,
        "pm2_5": 31.0092156862745,
        "pm10": 41.01078431372549,
        "nh3": 1.847058823529412
    },
    "Karur": {
        "aqi": 3.215686274509804,
        "co": 441.6449019607843,
        "no": 0.006666666666666668,
        "no2": 9.58313725490196,
        "o3": 33.329803921568626,
        "so2": 5.551764705882353,
        "pm2_5": 43.24078431372548,
        "pm10": 55.68647058823528,
        "nh3": 5.152941176470589
    },
    "Kovilpatti": {
        "aqi": 2.823529411764706,
        "co": 434.4447058823529,
        "no": 0.014901960784313726,
        "no2": 7.9788235294117635,
        "o3": 39.12078431372548,
        "so2": 1.7443137254901961,
        "pm2_5": 34.12235294117647,
        "pm10": 45.20803921568627,
        "nh3": 5.12764705882353
    },
    "Krishnagiri": {
        "aqi": 3.4313725490196076,
        "co": 452.2472549019607,
        "no": 0.000392156862745098,
        "no2": 7.0182352941176465,
        "o3": 42.34,
        "so2": 5.031764705882353,
        "pm2_5": 49.268431372549024,
        "pm10": 60.33019607843136,
        "nh3": 7.560196078431374
    },
    "Lalgudi": {
        "aqi": 3.5098039215686274,
        "co": 449.3019607843136,
        "no": 0.04568627450980392,
        "no2": 12.443137254901961,
        "o3": 30.65411764705881,
        "so2": 7.859999999999999,
        "pm2_5": 51.42509803921568,
        "pm10": 64.94176470588236,
        "nh3": 3.3617647058823525
    },
    "Madurai": {
        "aqi": 3.1176470588235294,
        "co": 476.59333333333336,
        "no": 0.10274509803921568,
        "no2": 9.510784313725491,
        "o3": 34.17176470588235,
        "so2": 3.671568627450982,
        "pm2_5": 39.95215686274511,
        "pm10": 51.79352941176473,
        "nh3": 5.889019607843139
    },
    "Mettur": {
        "aqi": 3.1176470588235294,
        "co": 458.9880392156863,
        "no": 0.006666666666666666,
        "no2": 8.967254901960784,
        "o3": 41.84254901960786,
        "so2": 5.839215686274511,
        "pm2_5": 42.379803921568616,
        "pm10": 53.942156862745094,
        "nh3": 11.129019607843135
    },
    "Nagapattinam": {
        "aqi": 2.9411764705882355,
        "co": 375.6727450980392,
        "no": 0.000588235294117647,
        "no2": 2.8933333333333335,
        "o3": 59.369607843137246,
        "so2": 0.7913725490196077,
        "pm2_5": 38.9986274509804,
        "pm10": 51.001764705882366,
        "nh3": 4.136274509803921
    },
    "Namakkal": {
        "aqi": 3.5098039215686274,
        "co": 477.70647058823533,
        "no": 0.0556862745098039,
        "no2": 13.081176470588238,
        "o3": 22.37901960784314,
        "so2": 5.402941176470589,
        "pm2_5": 49.933137254901965,
        "pm10": 67.90313725490199,
        "nh3": 23.284901960784314
    },
    "Nanguneri": {
        "aqi": 2.803921568627451,
        "co": 492.56352941176476,
        "no": 0.008235294117647061,
        "no2": 9.844117647058825,
        "o3": 33.270196078431375,
        "so2": 1.9233333333333338,
        "pm2_5": 34.5221568627451,
        "pm10": 46.50470588235294,